{
  "config": {
    "tau": 0.295,
    "backup_ratio": 0.95,
    "base_rho3": 8,
    "ref_memory_kb": 10,
    "memory_list": [
      10
    ],
    "occupancy_memory_kb": 10,
    "label_field": "label",
    "max_records": 200000,
    "min_hits": 2
  },
  "score_diagnostics": {
    "trending_score_stats": {
      "count": 199533,
      "min": 0.289050497374996,
      "q10": 0.289050497374996,
      "q25": 0.289050497374996,
      "median": 0.289050497374996,
      "q75": 0.289050497374996,
      "q90": 0.28923946258183475,
      "max": 0.9308615796566533,
      "mean": 0.28910554823176016
    },
    "nontrending_score_stats": {
      "count": 467,
      "min": 0.289050497374996,
      "q10": 0.289050497374996,
      "q25": 0.28923946258183475,
      "median": 0.28942850103240064,
      "q75": 0.29101245369790635,
      "q90": 0.2974337481228657,
      "max": 0.8278289135185798,
      "mean": 0.2960747434284747
    }
  },
  "filter_fpr_vs_memory": [
    {
      "memory_kb": 10,
      "rho3_used": 8,
      "standard_filter": {
        "num_items_total": 196000,
        "num_trending_items": 195658,
        "num_nontrending_items": 342,
        "num_admitted_items": 413,
        "num_admitted_trending": 332,
        "num_admitted_nontrending": 81,
        "false_positive_rate": 0.23684210526315788,
        "true_positive_rate": 0.0016968383608132558,
        "admission_purity": 0.8038740920096852
      },
      "learned_primary": {
        "num_items_total": 196000,
        "num_trending_items": 195658,
        "num_nontrending_items": 342,
        "num_admitted_items": 49,
        "num_admitted_trending": 33,
        "num_admitted_nontrending": 16,
        "false_positive_rate": 0.04678362573099415,
        "true_positive_rate": 0.00016866164429770312,
        "admission_purity": 0.673469387755102
      },
      "learned_full": {
        "num_items_total": 196000,
        "num_trending_items": 195658,
        "num_nontrending_items": 342,
        "num_admitted_items": 137,
        "num_admitted_trending": 68,
        "num_admitted_nontrending": 69,
        "false_positive_rate": 0.20175438596491227,
        "true_positive_rate": 0.0003475452064316307,
        "admission_purity": 0.49635036496350365
      },
      "relative_fpr_reduction_factor_primary": 5.0625,
      "relative_fpr_reduction_factor_full": 1.173913043478261
    }
  ],
  "detector_occupancy": {
    "memory_kb": 10,
    "rho3_used": 8,
    "standard_filter_detector": {
      "num_occupied_cells": 343,
      "num_trending_cells": 266,
      "num_nontrending_cells": 77,
      "trending_fraction": 0.7755102040816326,
      "nontrending_fraction": 0.22448979591836735
    },
    "learned_primary_detector": {
      "num_occupied_cells": 49,
      "num_trending_cells": 33,
      "num_nontrending_cells": 16,
      "trending_fraction": 0.673469387755102,
      "nontrending_fraction": 0.32653061224489793
    },
    "learned_full_detector": {
      "num_occupied_cells": 137,
      "num_trending_cells": 68,
      "num_nontrending_cells": 69,
      "trending_fraction": 0.49635036496350365,
      "nontrending_fraction": 0.5036496350364964
    }
  }
}