{
  "config": {
    "tau": 0.295,
    "tau_used": 0.2974337481228657,
    "auto_tau": true,
    "neg_quantile": 0.9,
    "backup_ratio": 0.75,
    "backup_margin": 2,
    "base_rho3": 8,
    "ref_memory_kb": 10,
    "memory_list": [
      10
    ],
    "occupancy_memory_kb": 10,
    "min_hits": 1,
    "label_field": "label",
    "max_records": 200000
  },
  "score_diagnostics": {
    "trending_score_stats": {
      "count": 199533,
      "min": 0.289050497374996,
      "q10": 0.289050497374996,
      "q25": 0.289050497374996,
      "median": 0.289050497374996,
      "q75": 0.289050497374996,
      "q90": 0.28923946258183475,
      "max": 0.9308615796566533,
      "mean": 0.28910554823176016
    },
    "nontrending_score_stats": {
      "count": 467,
      "min": 0.289050497374996,
      "q10": 0.289050497374996,
      "q25": 0.28923946258183475,
      "median": 0.28942850103240064,
      "q75": 0.29101245369790635,
      "q90": 0.2974337481228657,
      "max": 0.8278289135185798,
      "mean": 0.2960747434284747
    }
  },
  "filter_fpr_vs_memory": [
    {
      "memory_kb": 10,
      "rho3_used": 8,
      "min_hits_used": 1,
      "backup_margin_used": 2,
      "standard_filter": {
        "num_items_total": 196000,
        "num_trending_items": 195658,
        "num_nontrending_items": 342,
        "num_admitted_items": 413,
        "num_admitted_trending": 332,
        "num_admitted_nontrending": 81,
        "false_positive_rate": 0.23684210526315788,
        "true_positive_rate": 0.0016968383608132558,
        "admission_purity": 0.8038740920096852
      },
      "learned_primary": {
        "num_items_total": 196000,
        "num_trending_items": 195658,
        "num_nontrending_items": 342,
        "num_admitted_items": 94,
        "num_admitted_trending": 61,
        "num_admitted_nontrending": 33,
        "false_positive_rate": 0.09649122807017543,
        "true_positive_rate": 0.0003117684940048452,
        "admission_purity": 0.648936170212766
      },
      "learned_full": {
        "num_items_total": 196000,
        "num_trending_items": 195658,
        "num_nontrending_items": 342,
        "num_admitted_items": 330,
        "num_admitted_trending": 253,
        "num_admitted_nontrending": 77,
        "false_positive_rate": 0.22514619883040934,
        "true_positive_rate": 0.0012930726062823908,
        "admission_purity": 0.7666666666666667
      },
      "relative_fpr_reduction_factor_primary": 2.4545454545454546,
      "relative_fpr_reduction_factor_full": 1.051948051948052
    }
  ],
  "detector_occupancy": {
    "memory_kb": 10,
    "rho3_used": 8,
    "backup_margin_used": 2,
    "standard_filter_detector": {
      "num_occupied_cells": 333,
      "num_trending_cells": 256,
      "num_nontrending_cells": 77,
      "trending_fraction": 0.7687687687687688,
      "nontrending_fraction": 0.23123123123123124
    },
    "learned_primary_detector": {
      "num_occupied_cells": 94,
      "num_trending_cells": 61,
      "num_nontrending_cells": 33,
      "trending_fraction": 0.648936170212766,
      "nontrending_fraction": 0.35106382978723405
    },
    "learned_full_detector": {
      "num_occupied_cells": 289,
      "num_trending_cells": 215,
      "num_nontrending_cells": 74,
      "trending_fraction": 0.7439446366782007,
      "nontrending_fraction": 0.2560553633217993
    }
  }
}