{
  "config": {
    "tau": 0.295,
    "backup_ratio": 0.75,
    "base_rho3": 8,
    "ref_memory_kb": 10,
    "memory_list": [
      10
    ],
    "occupancy_memory_kb": 10,
    "min_hits": 2,
    "label_field": "label",
    "max_records": 200000
  },
  "score_diagnostics": {
    "trending_score_stats": {
      "count": 199533,
      "min": 0.289050497374996,
      "q10": 0.289050497374996,
      "q25": 0.289050497374996,
      "median": 0.289050497374996,
      "q75": 0.289050497374996,
      "q90": 0.28923946258183475,
      "max": 0.9308615796566533,
      "mean": 0.28910554823176016
    },
    "nontrending_score_stats": {
      "count": 467,
      "min": 0.289050497374996,
      "q10": 0.289050497374996,
      "q25": 0.28923946258183475,
      "median": 0.28942850103240064,
      "q75": 0.29101245369790635,
      "q90": 0.2974337481228657,
      "max": 0.8278289135185798,
      "mean": 0.2960747434284747
    }
  },
  "filter_fpr_vs_memory": [
    {
      "memory_kb": 10,
      "rho3_used": 8,
      "min_hits_used": 2,
      "standard_filter": {
        "num_items_total": 196000,
        "num_trending_items": 195658,
        "num_nontrending_items": 342,
        "num_admitted_items": 124,
        "num_admitted_trending": 56,
        "num_admitted_nontrending": 68,
        "false_positive_rate": 0.19883040935672514,
        "true_positive_rate": 0.0002862136994142841,
        "admission_purity": 0.45161290322580644
      },
      "learned_primary": {
        "num_items_total": 196000,
        "num_trending_items": 195658,
        "num_nontrending_items": 342,
        "num_admitted_items": 49,
        "num_admitted_trending": 33,
        "num_admitted_nontrending": 16,
        "false_positive_rate": 0.04678362573099415,
        "true_positive_rate": 0.00016866164429770312,
        "admission_purity": 0.673469387755102
      },
      "learned_full": {
        "num_items_total": 196000,
        "num_trending_items": 195658,
        "num_nontrending_items": 342,
        "num_admitted_items": 137,
        "num_admitted_trending": 68,
        "num_admitted_nontrending": 69,
        "false_positive_rate": 0.20175438596491227,
        "true_positive_rate": 0.0003475452064316307,
        "admission_purity": 0.49635036496350365
      },
      "relative_fpr_reduction_factor_primary": 4.25,
      "relative_fpr_reduction_factor_full": 0.9855072463768116
    }
  ],
  "detector_occupancy": {
    "memory_kb": 10,
    "rho3_used": 8,
    "standard_filter_detector": {
      "num_occupied_cells": 337,
      "num_trending_cells": 259,
      "num_nontrending_cells": 78,
      "trending_fraction": 0.7685459940652819,
      "nontrending_fraction": 0.2314540059347181
    },
    "learned_primary_detector": {
      "num_occupied_cells": 113,
      "num_trending_cells": 72,
      "num_nontrending_cells": 41,
      "trending_fraction": 0.6371681415929203,
      "nontrending_fraction": 0.36283185840707965
    },
    "learned_full_detector": {
      "num_occupied_cells": 337,
      "num_trending_cells": 259,
      "num_nontrending_cells": 78,
      "trending_fraction": 0.7685459940652819,
      "nontrending_fraction": 0.2314540059347181
    }
  }
}