{
  "experiment": "ablation_46",
  "config": {
    "memory_kb": 10,
    "tau": 0.3,
    "backup_ratio": 0.7,
    "backup_margin": 4,
    "backup_min_hits": 3,
    "label_field": "label",
    "max_records": 200000,
    "score_direction": "low_is_trending",
    "pos_mean_score": 0.1953968090953467,
    "neg_mean_score": 0.2573864145298358
  },
  "results": [
    {
      "precision": 0.8367346938775511,
      "recall": 0.0041558968121230555,
      "f1": 0.008270714609914772,
      "tp": 82,
      "fp": 16,
      "fn": 19649,
      "num_gt_items": 19731,
      "num_pred_items": 98,
      "num_admitted_items": 285,
      "num_admitted_by_score": 0,
      "num_admitted_by_backup": 0,
      "variant": "scout_manual"
    },
    {
      "precision": 0.75,
      "recall": 0.0028888551011099287,
      "f1": 0.005755540970364013,
      "tp": 57,
      "fp": 19,
      "fn": 19674,
      "num_gt_items": 19731,
      "num_pred_items": 76,
      "num_admitted_items": 20000,
      "num_admitted_by_score": 20000,
      "num_admitted_by_backup": 0,
      "variant": "neutrend_filter"
    },
    {
      "precision": 0.8571428571428571,
      "recall": 0.004865440170290406,
      "f1": 0.009675956256614424,
      "tp": 96,
      "fp": 16,
      "fn": 19635,
      "num_gt_items": 19731,
      "num_pred_items": 112,
      "num_admitted_items": 177,
      "num_admitted_by_score": 0,
      "num_admitted_by_backup": 0,
      "variant": "neutrend_adaptive"
    },
    {
      "precision": 0.837378640776699,
      "recall": 0.017485175611981145,
      "f1": 0.034255076205133295,
      "tp": 345,
      "fp": 67,
      "fn": 19386,
      "num_gt_items": 19731,
      "num_pred_items": 412,
      "num_admitted_items": 20000,
      "num_admitted_by_score": 20000,
      "num_admitted_by_backup": 13,
      "variant": "neutrend_full"
    }
  ]
}